{
    "alstahaug": {
        "antall": 1,
        "geo": [
            12.635414267579215,
            66.02237773233294
        ]
    },
    "alta": {
        "antall": 2,
        "geo": [
            23.274361552697673,
            69.97552673818697
        ]
    },
    "asker": {
        "antall": 1,
        "geo": [
            10.447582291974356,
            59.827698319834965
        ]
    },
    "aurland": {
        "antall": 1,
        "geo": [
            7.1101159173942,
            60.85617757995503
        ]
    },
    "bamble": {
        "antall": 1,
        "geo": [
            9.69285221354249,
            59.042881030594515
        ]
    },
    "bergen": {
        "antall": 1,
        "geo": [
            5.346104826404255,
            60.36480557052893
        ]
    },
    "bod\u00f8": {
        "antall": 1,
        "geo": [
            14.571926761069667,
            67.2891689789087
        ]
    },
    "br\u00f8nn\u00f8y": {
        "antall": 2,
        "geo": [
            12.205776547043184,
            65.46776968134839
        ]
    },
    "b\u00e6rum": {
        "antall": 14,
        "geo": [
            10.639090162601258,
            59.912409089514206
        ]
    },
    "drammen": {
        "antall": 6,
        "geo": [
            10.130108951637208,
            59.75727548096578
        ]
    },
    "eidsberg": {
        "antall": 1,
        "geo": [
            11.333745578487454,
            59.5538093664154
        ]
    },
    "eigersund": {
        "antall": 4,
        "geo": [
            6.001149302374295,
            58.45166382110898
        ]
    },
    "elverum": {
        "antall": 3,
        "geo": [
            11.521317488206902,
            60.888043180551755
        ]
    },
    "farsund": {
        "antall": 1,
        "geo": [
            6.696100967987669,
            58.093065741651785
        ]
    },
    "fauske": {
        "antall": 1,
        "geo": [
            15.352303816728142,
            67.25836070464293
        ]
    },
    "fet": {
        "antall": 1,
        "geo": [
            11.131533106616631,
            59.94209457701185
        ]
    },
    "flekkefjord": {
        "antall": 1,
        "geo": [
            6.643894136962126,
            58.28265918380494
        ]
    },
    "flora": {
        "antall": 2,
        "geo": [
            5.132506937009777,
            61.601990756668336
        ]
    },
    "frogn": {
        "antall": 1,
        "geo": [
            10.63483555767365,
            59.66884270242511
        ]
    },
    "f\u00f8rde": {
        "antall": 1,
        "geo": [
            5.90256907012497,
            61.45515988919893
        ]
    },
    "gj\u00f8vik": {
        "antall": 5,
        "geo": [
            10.684926783258096,
            60.793409927684436
        ]
    },
    "hadsel": {
        "antall": 1,
        "geo": [
            14.924460412136577,
            68.57080432180125
        ]
    },
    "hamar": {
        "antall": 12,
        "geo": [
            11.072299692982003,
            60.79436592851863
        ]
    },
    "hammerfest": {
        "antall": 2,
        "geo": [
            23.67747021306013,
            70.63740423062264
        ]
    },
    "haugesund": {
        "antall": 6,
        "geo": [
            5.267914138278805,
            59.42843557362654
        ]
    },
    "holmestrand": {
        "antall": 1,
        "geo": [
            10.315464324052698,
            59.48942789180915
        ]
    },
    "horten": {
        "antall": 2,
        "geo": [
            10.46194320350655,
            59.404685909873564
        ]
    },
    "h\u00f8yanger": {
        "antall": 1,
        "geo": [
            6.075057339196437,
            61.2218206095886
        ]
    },
    "karm\u00f8y": {
        "antall": 5,
        "geo": [
            5.28821601926763,
            59.29062591519491
        ]
    },
    "klepp": {
        "antall": 2,
        "geo": [
            5.697478198502507,
            58.78537254984945
        ]
    },
    "kongsberg": {
        "antall": 8,
        "geo": [
            9.62722810179604,
            59.68217953673361
        ]
    },
    "krager\u00f8": {
        "antall": 4,
        "geo": [
            9.414798251466614,
            58.87360395325113
        ]
    },
    "kristiansand": {
        "antall": 29,
        "geo": [
            7.937757969265309,
            58.14710167439626
        ]
    },
    "larvik": {
        "antall": 7,
        "geo": [
            10.029487735954495,
            59.05709854419044
        ]
    },
    "lenvik": {
        "antall": 1,
        "geo": [
            17.988068051188918,
            69.23129646700943
        ]
    },
    "levanger": {
        "antall": 1,
        "geo": [
            11.30162058158615,
            63.7478578279813
        ]
    },
    "lier": {
        "antall": 2,
        "geo": [
            10.243220778796223,
            59.78677936401548
        ]
    },
    "lillehammer": {
        "antall": 4,
        "geo": [
            10.451821900073378,
            61.12814897095548
        ]
    },
    "lyngdal": {
        "antall": 1,
        "geo": [
            7.058412074083648,
            58.12151783502559
        ]
    },
    "l\u00f8renskog": {
        "antall": 1,
        "geo": [
            10.96644475069031,
            59.923839100037505
        ]
    },
    "mandal": {
        "antall": 3,
        "geo": [
            7.434131958849465,
            58.032225671086536
        ]
    },
    "melhus": {
        "antall": 3,
        "geo": [
            10.283620891051996,
            63.15096113680255
        ]
    },
    "narvik": {
        "antall": 3,
        "geo": [
            17.3491247048795,
            68.42278378170126
        ]
    },
    "nedre eiker": {
        "antall": 2,
        "geo": [
            10.012392315830642,
            59.74878761395903
        ]
    },
    "notodden": {
        "antall": 2,
        "geo": [
            9.253256803839081,
            59.560491061493686
        ]
    },
    "n\u00f8tter\u00f8y": {
        "antall": 3,
        "geo": [
            10.442220511492039,
            59.200726946778936
        ]
    },
    "odda": {
        "antall": 1,
        "geo": [
            6.5469209694964805,
            60.056199443849074
        ]
    },
    "oppdal": {
        "antall": 1,
        "geo": [
            9.693787254737632,
            62.598795951012455
        ]
    },
    "oppeg\u00e5rd": {
        "antall": 1,
        "geo": [
            10.803402304644884,
            59.7732516198889
        ]
    },
    "orkdal": {
        "antall": 3,
        "geo": [
            9.847512960120147,
            63.297722188543176
        ]
    },
    "os": {
        "antall": 3,
        "geo": [
            5.382086614356236,
            60.1756036720334
        ]
    },
    "oslo": {
        "antall": 23,
        "geo": [
            10.847918943769354,
            59.92935374313826
        ]
    },
    "porsanger": {
        "antall": 5,
        "geo": [
            24.956972352583012,
            70.05217435144634
        ]
    },
    "porsgrunn": {
        "antall": 4,
        "geo": [
            9.66023120776544,
            59.136658149811495
        ]
    },
    "rana": {
        "antall": 7,
        "geo": [
            14.1524387194196,
            66.33811246463824
        ]
    },
    "randaberg": {
        "antall": 2,
        "geo": [
            5.621588171588561,
            59.00084542075348
        ]
    },
    "ringerike": {
        "antall": 6,
        "geo": [
            10.243468590307124,
            60.16995947019243
        ]
    },
    "ringsaker": {
        "antall": 3,
        "geo": [
            11.04322359983896,
            60.84360615620142
        ]
    },
    "ris\u00f8r": {
        "antall": 1,
        "geo": [
            9.214890256008264,
            58.714427371009855
        ]
    },
    "r\u00f8ros": {
        "antall": 1,